{"cameraMode":{"drawMode":0,"name":"Shaded","section":"Shading Mode"},"sceneLighting":true,"audioPlay":false,"sceneViewState":{"m_AlwaysRefresh":false,"showFog":true,"showSkybox":true,"showFlares":true,"showImageEffects":true,"showParticleSystems":true,"showVisualEffectGraphs":true,"m_FxEnabled":true},"in2DMode":false,"pivot":{"x":-1.163072943687439,"y":0.004559606313705444,"z":0.028264164924621583},"rotation":{"x":0.039510373026132587,"y":0.9145926833152771,"z":-0.09222616255283356,"w":0.39175644516944888},"size":1.052733063697815,"orthographic":false}