{"cameraMode":{"drawMode":0,"name":"Shaded","section":"Shading Mode"},"sceneLighting":true,"audioPlay":false,"sceneViewState":{"m_AlwaysRefresh":false,"showFog":true,"showSkybox":true,"showFlares":true,"showImageEffects":true,"showParticleSystems":true,"showVisualEffectGraphs":true,"m_FxEnabled":true},"in2DMode":false,"pivot":{"x":-13.306386947631836,"y":1.202804446220398,"z":39.38722610473633},"rotation":{"x":0.15833906829357148,"y":-0.41494160890579226,"z":0.07358361780643463,"w":0.892952561378479},"size":0.8660253882408142,"orthographic":false}