{"cameraMode":{"drawMode":0,"name":"Shaded","section":"Shading Mode"},"sceneLighting":true,"audioPlay":false,"sceneViewState":{"m_AlwaysRefresh":false,"showFog":true,"showSkybox":true,"showFlares":true,"showImageEffects":true,"showParticleSystems":true,"showVisualEffectGraphs":true,"m_FxEnabled":true},"in2DMode":false,"pivot":{"x":0.532641589641571,"y":-0.35658782720565798,"z":0.12414801120758057},"rotation":{"x":-0.0640423372387886,"y":-0.9226811528205872,"z":0.17505867779254914,"w":-0.33753809332847597},"size":0.9635002017021179,"orthographic":false}