{"cameraMode":{"drawMode":0,"name":"Shaded","section":"Shading Mode"},"sceneLighting":true,"audioPlay":false,"sceneViewState":{"m_AlwaysRefresh":false,"showFog":true,"showSkybox":true,"showFlares":true,"showImageEffects":true,"showParticleSystems":true,"showVisualEffectGraphs":true,"m_FxEnabled":true},"in2DMode":false,"pivot":{"x":1.9643088579177857,"y":0.8674192428588867,"z":13.643675804138184},"rotation":{"x":-0.17077825963497163,"y":-0.785550594329834,"z":0.24816618859767915,"w":-0.5405442118644714},"size":0.8660253882408142,"orthographic":false}