{"cameraMode":{"drawMode":0,"name":"Shaded","section":"Shading Mode"},"sceneLighting":true,"audioPlay":false,"sceneViewState":{"m_AlwaysRefresh":false,"showFog":true,"showSkybox":true,"showFlares":true,"showImageEffects":true,"showParticleSystems":true,"showVisualEffectGraphs":true,"m_FxEnabled":true},"in2DMode":false,"pivot":{"x":-0.6353635787963867,"y":-1.686063289642334,"z":59.87107467651367},"rotation":{"x":0.003649750491604209,"y":0.9791141748428345,"z":-0.2025568038225174,"w":0.01763555407524109},"size":3.9549403190612795,"orthographic":false}