{"cameraMode":{"drawMode":0,"name":"Shaded","section":"Shading Mode"},"sceneLighting":true,"audioPlay":false,"sceneViewState":{"m_AlwaysRefresh":false,"showFog":true,"showSkybox":true,"showFlares":true,"showImageEffects":true,"showParticleSystems":true,"showVisualEffectGraphs":true,"m_FxEnabled":true},"in2DMode":false,"pivot":{"x":-26.176198959350587,"y":1.1858763694763184,"z":-17.889286041259767},"rotation":{"x":0.027930179610848428,"y":0.8701559901237488,"z":-0.049652691930532458,"w":0.4894726574420929},"size":4.438130855560303,"orthographic":false}