{"cameraMode":{"drawMode":0,"name":"Shaded","section":"Shading Mode"},"sceneLighting":true,"audioPlay":false,"sceneViewState":{"m_AlwaysRefresh":false,"showFog":true,"showSkybox":true,"showFlares":true,"showImageEffects":true,"showParticleSystems":true,"showVisualEffectGraphs":true,"m_FxEnabled":true},"in2DMode":false,"pivot":{"x":-0.20575088262557984,"y":1.0072994232177735,"z":0.11323648691177368},"rotation":{"x":0.18930454552173615,"y":-0.5547422170639038,"z":0.13135181367397309,"w":0.7994861006736755},"size":0.4824479818344116,"orthographic":false}