{"cameraMode":{"drawMode":0,"name":"Shaded","section":"Shading Mode"},"sceneLighting":true,"audioPlay":false,"sceneViewState":{"m_AlwaysRefresh":false,"showFog":true,"showSkybox":true,"showFlares":true,"showImageEffects":true,"showParticleSystems":true,"showVisualEffectGraphs":true,"m_FxEnabled":true},"in2DMode":false,"pivot":{"x":-0.0069914162158966068,"y":0.6960145235061646,"z":0.024285592138767244},"rotation":{"x":0.06996965408325196,"y":0.6085888147354126,"z":-0.054000869393348697,"w":0.7885503172874451},"size":0.9445398449897766,"orthographic":false}